<profile version="1.0">
  <option name="myName" value="classic" />
  <inspection_tool class="ES6ModulesDependencies" enabled="false" level="WEAK WARNING" enabled_by_default="false" />
  <inspection_tool class="JSEqualityComparisonWithCoercion" enabled="false" level="WARNING" enabled_by_default="false" />
  <inspection_tool class="JSHint" enabled="true" level="ERROR" enabled_by_default="true" />
  <inspection_tool class="MessDetectorValidationInspection" enabled="true" level="WEAK WARNING" enabled_by_default="false">
    <scope name="adsUnitTests" level="WEAK WARNING" enabled="true">
      <option name="CODESIZE" value="true" />
      <option name="CONTROVERSIAL" value="true" />
      <option name="DESIGN" value="true" />
      <option name="UNUSEDCODE" value="true" />
      <option name="NAMING" value="true" />
    </scope>
    <scope name="src" level="WEAK WARNING" enabled="true" />
    <scope name="adsSrc" level="WEAK WARNING" enabled="true">
      <option name="CODESIZE" value="true" />
      <option name="CONTROVERSIAL" value="true" />
      <option name="DESIGN" value="true" />
      <option name="UNUSEDCODE" value="true" />
      <option name="NAMING" value="true" />
    </scope>
    <scope name="api" level="WEAK WARNING" enabled="true">
      <option name="CODESIZE" value="true" />
      <option name="CONTROVERSIAL" value="true" />
      <option name="DESIGN" value="true" />
      <option name="UNUSEDCODE" value="true" />
      <option name="NAMING" value="true" />
    </scope>
    <option name="CODESIZE" value="true" />
    <option name="CONTROVERSIAL" value="true" />
    <option name="DESIGN" value="true" />
    <option name="UNUSEDCODE" value="true" />
    <option name="NAMING" value="true" />
  </inspection_tool>
  <inspection_tool class="PhpCSValidationInspection" enabled="true" level="WEAK WARNING" enabled_by_default="false">
    <scope name="adsUnitTests" level="WEAK WARNING" enabled="true">
      <option name="CODING_STANDARD" value="PSR2" />
    </scope>
    <scope name="src" level="WEAK WARNING" enabled="true" />
    <scope name="adsSrc" level="WEAK WARNING" enabled="true">
      <option name="CODING_STANDARD" value="PSR2" />
    </scope>
    <scope name="api" level="WEAK WARNING" enabled="true">
      <option name="CODING_STANDARD" value="PSR2" />
      <option name="SHOW_SNIFF_NAMES" value="true" />
    </scope>
    <option name="CODING_STANDARD" value="PSR2" />
  </inspection_tool>
  <inspection_tool class="PhpUndefinedClassInspection" enabled="true" level="WARNING" enabled_by_default="true">
    <option name="DONT_REPORT_MULTI_RESOLVE" value="true" />
  </inspection_tool>
  <inspection_tool class="SqlDialectInspection" enabled="false" level="WARNING" enabled_by_default="false" />
  <inspection_tool class="SqlNoDataSourceInspection" enabled="false" level="WARNING" enabled_by_default="false" />
</profile>