<application>
  <component name="ProjectJdkTable">
    <jdk version="2">
      <name value="Python 3.6" />
      <type value="Python SDK" />
      <version value="Python 3.6.8" />
      <homePath value="/usr/bin/python3.6" />
      <roots>
        <classPath>
          <root type="composite">
            <root url="file:///usr/lib64/python3.6" type="simple" />
            <root url="file:///usr/lib64/python3.6/lib-dynload" type="simple" />
            <root url="file:///usr/local/lib64/python3.6/site-packages" type="simple" />
            <root url="file:///usr/lib64/python3.6/site-packages" type="simple" />
            <root url="file:///usr/lib/python3.6/site-packages" type="simple" />
            <root url="file://$USER_HOME$/.PyCharmCE2018.3/system/python_stubs/-1247971763" type="simple" />
            <root url="file://$APPLICATION_HOME_DIR$/helpers/python-skeletons" type="simple" />
            <root url="file://$APPLICATION_HOME_DIR$/helpers/typeshed/stdlib/3" type="simple" />
            <root url="file://$APPLICATION_HOME_DIR$/helpers/typeshed/stdlib/2and3" type="simple" />
            <root url="file://$APPLICATION_HOME_DIR$/helpers/typeshed/third_party/3" type="simple" />
            <root url="file://$APPLICATION_HOME_DIR$/helpers/typeshed/third_party/2and3" type="simple" />
          </root>
        </classPath>
        <sourcePath>
          <root type="composite" />
        </sourcePath>
      </roots>
      <additional />
    </jdk>
    <jdk version="2">
      <name value="Python 2.7" />
      <type value="Python SDK" />
      <version value="Python 2.7.15" />
      <homePath value="/usr/bin/python2.7" />
      <roots>
        <classPath>
          <root type="composite">
            <root url="file:///usr/lib64/python2.7" type="simple" />
            <root url="file:///usr/lib64/python2.7/plat-linux2" type="simple" />
            <root url="file:///usr/lib64/python2.7/lib-dynload" type="simple" />
            <root url="file:///usr/lib64/python2.7/site-packages" type="simple" />
            <root url="file:///usr/lib64/python2.7/site-packages/gtk-2.0" type="simple" />
            <root url="file:///usr/lib/python2.7/site-packages" type="simple" />
            <root url="file://$USER_HOME$/.PyCharmCE2018.3/system/python_stubs/-1247972723" type="simple" />
            <root url="file://$APPLICATION_HOME_DIR$/helpers/python-skeletons" type="simple" />
            <root url="file://$APPLICATION_HOME_DIR$/helpers/typeshed/stdlib/2" type="simple" />
            <root url="file://$APPLICATION_HOME_DIR$/helpers/typeshed/stdlib/2and3" type="simple" />
            <root url="file://$APPLICATION_HOME_DIR$/helpers/typeshed/third_party/2" type="simple" />
            <root url="file://$APPLICATION_HOME_DIR$/helpers/typeshed/third_party/2and3" type="simple" />
          </root>
        </classPath>
        <sourcePath>
          <root type="composite" />
        </sourcePath>
      </roots>
      <additional />
    </jdk>
    <jdk version="2">
      <name value="Python 3.6 (coursera)" />
      <type value="Python SDK" />
      <version value="Python 3.6.8" />
      <homePath value="$USER_HOME$/dev/coursera/venv/bin/python" />
      <roots>
        <classPath>
          <root type="composite">
            <root url="file:///usr/lib64/python3.6" type="simple" />
            <root url="file:///usr/lib64/python3.6/lib-dynload" type="simple" />
            <root url="file://$USER_HOME$/dev/coursera/venv/lib64/python3.6/site-packages" type="simple" />
            <root url="jar://$USER_HOME$/dev/coursera/venv/lib64/python3.6/site-packages/setuptools-39.1.0-py3.6.egg!/" type="simple" />
            <root url="file://$USER_HOME$/dev/coursera/venv/lib64/python3.6/site-packages/pip-10.0.1-py3.6.egg" type="simple" />
            <root url="file://$USER_HOME$/dev/coursera/venv/lib/python3.6/site-packages" type="simple" />
            <root url="jar://$USER_HOME$/dev/coursera/venv/lib/python3.6/site-packages/setuptools-39.1.0-py3.6.egg!/" type="simple" />
            <root url="file://$USER_HOME$/dev/coursera/venv/lib/python3.6/site-packages/pip-10.0.1-py3.6.egg" type="simple" />
            <root url="file://$USER_HOME$/.PyCharmCE2018.3/system/python_stubs/1497791414" type="simple" />
            <root url="file://$APPLICATION_HOME_DIR$/helpers/python-skeletons" type="simple" />
            <root url="file://$APPLICATION_HOME_DIR$/helpers/typeshed/stdlib/3" type="simple" />
            <root url="file://$APPLICATION_HOME_DIR$/helpers/typeshed/stdlib/2and3" type="simple" />
            <root url="file://$APPLICATION_HOME_DIR$/helpers/typeshed/third_party/3" type="simple" />
            <root url="file://$APPLICATION_HOME_DIR$/helpers/typeshed/third_party/2and3" type="simple" />
          </root>
        </classPath>
        <sourcePath>
          <root type="composite" />
        </sourcePath>
      </roots>
      <additional ASSOCIATED_PROJECT_PATH="$USER_HOME$/dev/coursera" />
    </jdk>
    <jdk version="2">
      <name value="Python 3.6 (knn)" />
      <type value="Python SDK" />
      <version value="Python 3.6.8" />
      <homePath value="$USER_HOME$/dev/porn.com/knn/p.knn/bin/python" />
      <roots>
        <classPath>
          <root type="composite">
            <root url="file:///usr/lib64/python3.6" type="simple" />
            <root url="file:///usr/lib64/python3.6/lib-dynload" type="simple" />
            <root url="file://$USER_HOME$/dev/porn.com/knn/p.knn/lib64/python3.6/site-packages" type="simple" />
            <root url="file://$USER_HOME$/dev/porn.com/knn/p.knn/lib/python3.6/site-packages" type="simple" />
            <root url="file://$USER_HOME$/.PyCharmCE2018.3/system/python_stubs/-1883485268" type="simple" />
            <root url="file://$APPLICATION_HOME_DIR$/helpers/python-skeletons" type="simple" />
            <root url="file://$APPLICATION_HOME_DIR$/helpers/typeshed/stdlib/3" type="simple" />
            <root url="file://$APPLICATION_HOME_DIR$/helpers/typeshed/stdlib/2and3" type="simple" />
            <root url="file://$APPLICATION_HOME_DIR$/helpers/typeshed/third_party/3" type="simple" />
            <root url="file://$APPLICATION_HOME_DIR$/helpers/typeshed/third_party/2and3" type="simple" />
          </root>
        </classPath>
        <sourcePath>
          <root type="composite" />
        </sourcePath>
      </roots>
      <additional ASSOCIATED_PROJECT_PATH="$USER_HOME$/dev/porn.com/knn" />
    </jdk>
    <jdk version="2">
      <name value="Python 3.6 (sim-similaripy)" />
      <type value="Python SDK" />
      <version value="Python 3.6.8" />
      <homePath value="$USER_HOME$/dev/pron.com/sim-similaripy/venv/bin/python" />
      <roots>
        <classPath>
          <root type="composite">
            <root url="file:///usr/lib64/python3.6" type="simple" />
            <root url="file:///usr/lib64/python3.6/lib-dynload" type="simple" />
            <root url="file://$USER_HOME$/dev/pron.com/sim-similaripy/venv/lib64/python3.6/site-packages" type="simple" />
            <root url="jar://$USER_HOME$/dev/pron.com/sim-similaripy/venv/lib64/python3.6/site-packages/setuptools-39.1.0-py3.6.egg!/" type="simple" />
            <root url="file://$USER_HOME$/dev/pron.com/sim-similaripy/venv/lib64/python3.6/site-packages/pip-10.0.1-py3.6.egg" type="simple" />
            <root url="file://$USER_HOME$/dev/pron.com/sim-similaripy/venv/lib/python3.6/site-packages" type="simple" />
            <root url="jar://$USER_HOME$/dev/pron.com/sim-similaripy/venv/lib/python3.6/site-packages/setuptools-39.1.0-py3.6.egg!/" type="simple" />
            <root url="file://$USER_HOME$/dev/pron.com/sim-similaripy/venv/lib/python3.6/site-packages/pip-10.0.1-py3.6.egg" type="simple" />
            <root url="file://$USER_HOME$/.PyCharmCE2018.3/system/python_stubs/-1504910490" type="simple" />
            <root url="file://$APPLICATION_HOME_DIR$/helpers/python-skeletons" type="simple" />
            <root url="file://$APPLICATION_HOME_DIR$/helpers/typeshed/stdlib/3" type="simple" />
            <root url="file://$APPLICATION_HOME_DIR$/helpers/typeshed/stdlib/2and3" type="simple" />
            <root url="file://$APPLICATION_HOME_DIR$/helpers/typeshed/third_party/3" type="simple" />
            <root url="file://$APPLICATION_HOME_DIR$/helpers/typeshed/third_party/2and3" type="simple" />
          </root>
        </classPath>
        <sourcePath>
          <root type="composite" />
        </sourcePath>
      </roots>
      <additional ASSOCIATED_PROJECT_PATH="$USER_HOME$/dev/pron.com/sim-similaripy" />
    </jdk>
    <jdk version="2">
      <name value="Python 3.6 (pysparnn)" />
      <type value="Python SDK" />
      <homePath value="$USER_HOME$/dev/porn.com/pysparnn/venv/bin/python" />
      <roots>
        <classPath>
          <root type="composite">
            <root url="file:///usr/lib64/python3.6" type="simple" />
            <root url="file:///usr/lib64/python3.6/lib-dynload" type="simple" />
            <root url="file://$USER_HOME$/dev/porn.com/pysparnn/venv/lib64/python3.6/site-packages" type="simple" />
            <root url="jar://$USER_HOME$/dev/porn.com/pysparnn/venv/lib64/python3.6/site-packages/setuptools-39.1.0-py3.6.egg!/" type="simple" />
            <root url="file://$USER_HOME$/dev/porn.com/pysparnn/venv/lib64/python3.6/site-packages/pip-10.0.1-py3.6.egg" type="simple" />
            <root url="file://$USER_HOME$/dev/porn.com/pysparnn/venv/lib/python3.6/site-packages" type="simple" />
            <root url="jar://$USER_HOME$/dev/porn.com/pysparnn/venv/lib/python3.6/site-packages/setuptools-39.1.0-py3.6.egg!/" type="simple" />
            <root url="file://$USER_HOME$/dev/porn.com/pysparnn/venv/lib/python3.6/site-packages/pip-10.0.1-py3.6.egg" type="simple" />
            <root url="file://$USER_HOME$/.PyCharmCE2018.3/system/python_stubs/-393588410" type="simple" />
            <root url="file://$APPLICATION_HOME_DIR$/helpers/python-skeletons" type="simple" />
            <root url="file://$APPLICATION_HOME_DIR$/helpers/typeshed/stdlib/3" type="simple" />
            <root url="file://$APPLICATION_HOME_DIR$/helpers/typeshed/stdlib/2and3" type="simple" />
            <root url="file://$APPLICATION_HOME_DIR$/helpers/typeshed/third_party/3" type="simple" />
            <root url="file://$APPLICATION_HOME_DIR$/helpers/typeshed/third_party/2and3" type="simple" />
          </root>
        </classPath>
        <sourcePath>
          <root type="composite" />
        </sourcePath>
      </roots>
      <additional ASSOCIATED_PROJECT_PATH="$USER_HOME$/dev/porn.com/pysparnn" />
    </jdk>
    <jdk version="2">
      <name value="Python 2.7 (pysparnn)" />
      <type value="Python SDK" />
      <version value="Python 2.7.15" />
      <homePath value="$USER_HOME$/dev/porn.com/pysparnn/p2env/bin/python" />
      <roots>
        <classPath>
          <root type="composite">
            <root url="file://$USER_HOME$/dev/porn.com/pysparnn/p2env/lib64/python2.7" type="simple" />
            <root url="file://$USER_HOME$/dev/porn.com/pysparnn/p2env/lib64/python2.7/lib-dynload" type="simple" />
            <root url="file:///usr/lib64/python2.7" type="simple" />
            <root url="file:///usr/lib/python2.7" type="simple" />
            <root url="file://$USER_HOME$/dev/porn.com/pysparnn/p2env/lib/python2.7/site-packages" type="simple" />
            <root url="file://$USER_HOME$/.PyCharmCE2018.3/system/python_stubs/-1946394946" type="simple" />
            <root url="file://$APPLICATION_HOME_DIR$/helpers/python-skeletons" type="simple" />
            <root url="file://$APPLICATION_HOME_DIR$/helpers/typeshed/stdlib/2" type="simple" />
            <root url="file://$APPLICATION_HOME_DIR$/helpers/typeshed/stdlib/2and3" type="simple" />
            <root url="file://$APPLICATION_HOME_DIR$/helpers/typeshed/third_party/2" type="simple" />
            <root url="file://$APPLICATION_HOME_DIR$/helpers/typeshed/third_party/2and3" type="simple" />
          </root>
        </classPath>
        <sourcePath>
          <root type="composite" />
        </sourcePath>
      </roots>
      <additional ASSOCIATED_PROJECT_PATH="$USER_HOME$/dev/porn.com/pysparnn" />
    </jdk>
    <jdk version="2">
      <name value="Python 2.7 (collaborative-filter-knn)" />
      <type value="Python SDK" />
      <version value="Python 2.7.15" />
      <homePath value="$USER_HOME$/dev/porn.com/collaborative-filter-knn/venv/bin/python" />
      <roots>
        <classPath>
          <root type="composite">
            <root url="file://$USER_HOME$/dev/porn.com/collaborative-filter-knn/venv/lib64/python2.7" type="simple" />
            <root url="file://$USER_HOME$/dev/porn.com/collaborative-filter-knn/venv/lib64/python2.7/lib-dynload" type="simple" />
            <root url="file:///usr/lib64/python2.7" type="simple" />
            <root url="file:///usr/lib/python2.7" type="simple" />
            <root url="file://$USER_HOME$/dev/porn.com/collaborative-filter-knn/venv/lib/python2.7/site-packages" type="simple" />
            <root url="file://$USER_HOME$/.PyCharmCE2018.3/system/python_stubs/1328428989" type="simple" />
            <root url="file://$APPLICATION_HOME_DIR$/helpers/python-skeletons" type="simple" />
            <root url="file://$APPLICATION_HOME_DIR$/helpers/typeshed/stdlib/2" type="simple" />
            <root url="file://$APPLICATION_HOME_DIR$/helpers/typeshed/stdlib/2and3" type="simple" />
            <root url="file://$APPLICATION_HOME_DIR$/helpers/typeshed/third_party/2" type="simple" />
            <root url="file://$APPLICATION_HOME_DIR$/helpers/typeshed/third_party/2and3" type="simple" />
          </root>
        </classPath>
        <sourcePath>
          <root type="composite" />
        </sourcePath>
      </roots>
      <additional ASSOCIATED_PROJECT_PATH="$USER_HOME$/dev/porn.com/collaborative-filter-knn" />
    </jdk>
    <jdk version="2">
      <name value="Python 3.7 (collaborative-filter-knn3)" />
      <type value="Python SDK" />
      <version value="Python 3.7.3" />
      <homePath value="$USER_HOME$/dev/porn.com/collaborative-filter-knn3/venv/bin/python" />
      <roots>
        <classPath>
          <root type="composite">
            <root url="file://$USER_HOME$/dev/porn.com/collaborative-filter-knn3/venv/lib/python3.7" type="simple" />
            <root url="file://$USER_HOME$/dev/porn.com/collaborative-filter-knn3/venv/lib/python3.7/lib-dynload" type="simple" />
            <root url="file://$USER_HOME$/miniconda3/lib/python3.7" type="simple" />
            <root url="file://$USER_HOME$/dev/porn.com/collaborative-filter-knn3/venv/lib/python3.7/site-packages" type="simple" />
            <root url="file://$USER_HOME$/.PyCharmCE2018.3/system/python_stubs/-725900592" type="simple" />
            <root url="file://$APPLICATION_HOME_DIR$/helpers/python-skeletons" type="simple" />
            <root url="file://$APPLICATION_HOME_DIR$/helpers/typeshed/stdlib/3" type="simple" />
            <root url="file://$APPLICATION_HOME_DIR$/helpers/typeshed/stdlib/2and3" type="simple" />
            <root url="file://$APPLICATION_HOME_DIR$/helpers/typeshed/third_party/3" type="simple" />
            <root url="file://$APPLICATION_HOME_DIR$/helpers/typeshed/third_party/2and3" type="simple" />
          </root>
        </classPath>
        <sourcePath>
          <root type="composite" />
        </sourcePath>
      </roots>
      <additional ASSOCIATED_PROJECT_PATH="$USER_HOME$/dev/porn.com/collaborative-filter-knn3" />
    </jdk>
    <jdk version="2">
      <name value="Python 3.6 (collaborative-filter)" />
      <type value="Python SDK" />
      <version value="Python 3.6.8" />
      <homePath value="$USER_HOME$/dev/porn.com/collaborative-filter/venv/bin/python" />
      <roots>
        <classPath>
          <root type="composite">
            <root url="file://$USER_HOME$/dev/porn.com/collaborative-filter/venv/lib64/python3.6" type="simple" />
            <root url="file://$USER_HOME$/dev/porn.com/collaborative-filter/venv/lib64/python3.6/lib-dynload" type="simple" />
            <root url="file:///usr/lib64/python3.6" type="simple" />
            <root url="file:///usr/lib/python3.6" type="simple" />
            <root url="file://$USER_HOME$/dev/porn.com/collaborative-filter/venv/lib/python3.6/site-packages" type="simple" />
            <root url="file://$USER_HOME$/.PyCharmCE2018.3/system/python_stubs/6957215" type="simple" />
            <root url="file://$APPLICATION_HOME_DIR$/helpers/python-skeletons" type="simple" />
            <root url="file://$APPLICATION_HOME_DIR$/helpers/typeshed/stdlib/3" type="simple" />
            <root url="file://$APPLICATION_HOME_DIR$/helpers/typeshed/stdlib/2and3" type="simple" />
            <root url="file://$APPLICATION_HOME_DIR$/helpers/typeshed/third_party/3" type="simple" />
            <root url="file://$APPLICATION_HOME_DIR$/helpers/typeshed/third_party/2and3" type="simple" />
          </root>
        </classPath>
        <sourcePath>
          <root type="composite" />
        </sourcePath>
      </roots>
      <additional ASSOCIATED_PROJECT_PATH="$USER_HOME$/dev/porn.com/collaborative-filter" />
    </jdk>
    <jdk version="2">
      <name value="Python 3.6 (grpc)" />
      <type value="Python SDK" />
      <version value="Python 3.6.8" />
      <homePath value="$USER_HOME$/dev/porn.com/grpc/venv/bin/python" />
      <roots>
        <classPath>
          <root type="composite">
            <root url="file:///usr/lib64/python3.6" type="simple" />
            <root url="file:///usr/lib64/python3.6/lib-dynload" type="simple" />
            <root url="file://$USER_HOME$/dev/porn.com/grpc/venv/lib64/python3.6/site-packages" type="simple" />
            <root url="jar://$USER_HOME$/dev/porn.com/grpc/venv/lib64/python3.6/site-packages/setuptools-39.1.0-py3.6.egg!/" type="simple" />
            <root url="file://$USER_HOME$/dev/porn.com/grpc/venv/lib64/python3.6/site-packages/pip-10.0.1-py3.6.egg" type="simple" />
            <root url="file://$USER_HOME$/dev/porn.com/grpc/venv/lib/python3.6/site-packages" type="simple" />
            <root url="jar://$USER_HOME$/dev/porn.com/grpc/venv/lib/python3.6/site-packages/setuptools-39.1.0-py3.6.egg!/" type="simple" />
            <root url="file://$USER_HOME$/dev/porn.com/grpc/venv/lib/python3.6/site-packages/pip-10.0.1-py3.6.egg" type="simple" />
            <root url="file://$USER_HOME$/.PyCharmCE2018.3/system/python_stubs/92951437" type="simple" />
            <root url="file://$APPLICATION_HOME_DIR$/helpers/python-skeletons" type="simple" />
            <root url="file://$APPLICATION_HOME_DIR$/helpers/typeshed/stdlib/3" type="simple" />
            <root url="file://$APPLICATION_HOME_DIR$/helpers/typeshed/stdlib/2and3" type="simple" />
            <root url="file://$APPLICATION_HOME_DIR$/helpers/typeshed/third_party/3" type="simple" />
            <root url="file://$APPLICATION_HOME_DIR$/helpers/typeshed/third_party/2and3" type="simple" />
          </root>
        </classPath>
        <sourcePath>
          <root type="composite" />
        </sourcePath>
      </roots>
      <additional ASSOCIATED_PROJECT_PATH="$USER_HOME$/dev/porn.com/grpc" />
    </jdk>
    <jdk version="2">
      <name value="Python 3.6 (collaborative-filter-protocol)" />
      <type value="Python SDK" />
      <version value="Python 3.6.8" />
      <homePath value="$USER_HOME$/dev/porn.com/collaborative-filter-protocol/venv/bin/python" />
      <roots>
        <classPath>
          <root type="composite">
            <root url="file:///usr/lib64/python3.6" type="simple" />
            <root url="file:///usr/lib64/python3.6/lib-dynload" type="simple" />
            <root url="file://$USER_HOME$/dev/porn.com/collaborative-filter-protocol/venv/lib64/python3.6/site-packages" type="simple" />
            <root url="jar://$USER_HOME$/dev/porn.com/collaborative-filter-protocol/venv/lib64/python3.6/site-packages/setuptools-39.1.0-py3.6.egg!/" type="simple" />
            <root url="file://$USER_HOME$/dev/porn.com/collaborative-filter-protocol/venv/lib64/python3.6/site-packages/pip-10.0.1-py3.6.egg" type="simple" />
            <root url="file://$USER_HOME$/dev/porn.com/collaborative-filter-protocol/venv/lib/python3.6/site-packages" type="simple" />
            <root url="jar://$USER_HOME$/dev/porn.com/collaborative-filter-protocol/venv/lib/python3.6/site-packages/setuptools-39.1.0-py3.6.egg!/" type="simple" />
            <root url="file://$USER_HOME$/dev/porn.com/collaborative-filter-protocol/venv/lib/python3.6/site-packages/pip-10.0.1-py3.6.egg" type="simple" />
            <root url="file://$USER_HOME$/.PyCharmCE2018.3/system/python_stubs/-2001482304" type="simple" />
            <root url="file://$APPLICATION_HOME_DIR$/helpers/python-skeletons" type="simple" />
            <root url="file://$APPLICATION_HOME_DIR$/helpers/typeshed/stdlib/3" type="simple" />
            <root url="file://$APPLICATION_HOME_DIR$/helpers/typeshed/stdlib/2and3" type="simple" />
            <root url="file://$APPLICATION_HOME_DIR$/helpers/typeshed/third_party/3" type="simple" />
            <root url="file://$APPLICATION_HOME_DIR$/helpers/typeshed/third_party/2and3" type="simple" />
          </root>
        </classPath>
        <sourcePath>
          <root type="composite" />
        </sourcePath>
      </roots>
      <additional ASSOCIATED_PROJECT_PATH="$USER_HOME$/dev/porn.com/collaborative-filter-protocol" />
    </jdk>
    <jdk version="2">
      <name value="Python 2.7 (Youtube-Recommendation-Tensorflow)" />
      <type value="Python SDK" />
      <version value="Python 2.7.15" />
      <homePath value="$USER_HOME$/dev/porn.com/Youtube-Recommendation-Tensorflow/venv/bin/python" />
      <roots>
        <classPath>
          <root type="composite">
            <root url="file://$USER_HOME$/dev/porn.com/Youtube-Recommendation-Tensorflow/venv/lib64/python2.7" type="simple" />
            <root url="file://$USER_HOME$/dev/porn.com/Youtube-Recommendation-Tensorflow/venv/lib64/python2.7/lib-dynload" type="simple" />
            <root url="file:///usr/lib64/python2.7" type="simple" />
            <root url="file:///usr/lib/python2.7" type="simple" />
            <root url="file://$USER_HOME$/dev/porn.com/Youtube-Recommendation-Tensorflow/venv/lib/python2.7/site-packages" type="simple" />
            <root url="file://$USER_HOME$/.PyCharmCE2018.3/system/python_stubs/-297894532" type="simple" />
            <root url="file://$APPLICATION_HOME_DIR$/helpers/python-skeletons" type="simple" />
            <root url="file://$APPLICATION_HOME_DIR$/helpers/typeshed/stdlib/2" type="simple" />
            <root url="file://$APPLICATION_HOME_DIR$/helpers/typeshed/stdlib/2and3" type="simple" />
            <root url="file://$APPLICATION_HOME_DIR$/helpers/typeshed/third_party/2" type="simple" />
            <root url="file://$APPLICATION_HOME_DIR$/helpers/typeshed/third_party/2and3" type="simple" />
          </root>
        </classPath>
        <sourcePath>
          <root type="composite" />
        </sourcePath>
      </roots>
      <additional ASSOCIATED_PROJECT_PATH="$USER_HOME$/dev/porn.com/Youtube-Recommendation-Tensorflow" />
    </jdk>
    <jdk version="2">
      <name value="Python 2.7 (TF-recomm)" />
      <type value="Python SDK" />
      <version value="Python 2.7.15" />
      <homePath value="$USER_HOME$/dev/porn.com/TF-recomm/venv/bin/python" />
      <roots>
        <classPath>
          <root type="composite">
            <root url="file://$USER_HOME$/dev/porn.com/TF-recomm/venv/lib64/python2.7" type="simple" />
            <root url="file://$USER_HOME$/dev/porn.com/TF-recomm/venv/lib64/python2.7/lib-dynload" type="simple" />
            <root url="file:///usr/lib64/python2.7" type="simple" />
            <root url="file:///usr/lib/python2.7" type="simple" />
            <root url="file://$USER_HOME$/dev/porn.com/TF-recomm/venv/lib/python2.7/site-packages" type="simple" />
            <root url="file://$USER_HOME$/.PyCharmCE2018.3/system/python_stubs/1883469733" type="simple" />
            <root url="file://$APPLICATION_HOME_DIR$/helpers/python-skeletons" type="simple" />
            <root url="file://$APPLICATION_HOME_DIR$/helpers/typeshed/stdlib/2" type="simple" />
            <root url="file://$APPLICATION_HOME_DIR$/helpers/typeshed/stdlib/2and3" type="simple" />
            <root url="file://$APPLICATION_HOME_DIR$/helpers/typeshed/third_party/2" type="simple" />
            <root url="file://$APPLICATION_HOME_DIR$/helpers/typeshed/third_party/2and3" type="simple" />
          </root>
        </classPath>
        <sourcePath>
          <root type="composite" />
        </sourcePath>
      </roots>
      <additional ASSOCIATED_PROJECT_PATH="$USER_HOME$/dev/porn.com/TF-recomm" />
    </jdk>
    <jdk version="2">
      <name value="Python 3.6 (asso-ml)" />
      <type value="Python SDK" />
      <version value="Python 3.6.8" />
      <homePath value="$USER_HOME$/dev/asso-ml/venv/bin/python" />
      <roots>
        <classPath>
          <root type="composite">
            <root url="file://$USER_HOME$/dev/asso-ml/venv/lib64/python3.6" type="simple" />
            <root url="file://$USER_HOME$/dev/asso-ml/venv/lib64/python3.6/lib-dynload" type="simple" />
            <root url="file:///usr/lib64/python3.6" type="simple" />
            <root url="file:///usr/lib/python3.6" type="simple" />
            <root url="file://$USER_HOME$/dev/asso-ml/venv/lib/python3.6/site-packages" type="simple" />
            <root url="file://$USER_HOME$/.PyCharmCE2018.3/system/python_stubs/-126535668" type="simple" />
            <root url="file://$APPLICATION_HOME_DIR$/helpers/python-skeletons" type="simple" />
            <root url="file://$APPLICATION_HOME_DIR$/helpers/typeshed/stdlib/3" type="simple" />
            <root url="file://$APPLICATION_HOME_DIR$/helpers/typeshed/stdlib/2and3" type="simple" />
            <root url="file://$APPLICATION_HOME_DIR$/helpers/typeshed/third_party/3" type="simple" />
            <root url="file://$APPLICATION_HOME_DIR$/helpers/typeshed/third_party/2and3" type="simple" />
          </root>
        </classPath>
        <sourcePath>
          <root type="composite" />
        </sourcePath>
      </roots>
      <additional ASSOCIATED_PROJECT_PATH="$USER_HOME$/dev/asso-ml" />
    </jdk>
  </component>
</application>