<application>
  <component name="AppInspectionProfilesVisibleTreeState">
    <entry key="Default">
      <profile-state>
        <expanded-state>
          <State>
            <id />
          </State>
        </expanded-state>
        <selected-state>
          <State>
            <id>AngularJS</id>
          </State>
        </selected-state>
      </profile-state>
    </entry>
    <entry key="Project Default">
      <profile-state>
        <expanded-state>
          <State>
            <id />
          </State>
        </expanded-state>
        <selected-state>
          <State>
            <id>AngularJS</id>
          </State>
        </selected-state>
      </profile-state>
    </entry>
    <entry key="classic">
      <profile-state>
        <expanded-state>
          <State>
            <id />
          </State>
          <State>
            <id>PHP</id>
          </State>
        </expanded-state>
        <selected-state>
          <State>
            <id>MessDetectorValidationInspection</id>
          </State>
        </selected-state>
      </profile-state>
    </entry>
  </component>
  <component name="CvsApplicationLevelConfiguration">
    <option name="PATH_TO_PASSWORD_FILE" value="$userdir/.cvspass" />
  </component>
  <component name="DBNavigator.Application.Settings">
    <enable-debug-mode value="false" />
    <enable-developer-mode value="false" />
    <show-plugin-conflict-dialog value="false" />
  </component>
  <component name="NodeJsLocalInterpreters">
    <local-interpreter path="$USER_HOME$/.nvm/versions/node/v8.3.0/bin/node">
      <version-cache version="8.3.0" last-modified="1502303805000" />
      <npm-package value="$USER_HOME$/.nvm/versions/node/v8.3.0/lib/node_modules/npm" />
    </local-interpreter>
    <local-interpreter path="/usr/local/bin/node">
      <version-cache version="7.7.4" last-modified="1490273281000" />
      <npm-package value="/usr/local/lib/node_modules/npm" />
    </local-interpreter>
    <local-interpreter path="/bin/node">
      <version-cache version="4.6.1" last-modified="1476867695000" />
    </local-interpreter>
    <local-interpreter path="/usr/bin/node">
      <version-cache version="4.6.1" last-modified="1476867695000" />
      <npm-package value="/usr/lib/node_modules/npm" />
    </local-interpreter>
  </component>
  <component name="PyTestFrameworkService">
    <option name="SDK_TO_PYTEST">
      <map>
        <entry key="$USER_HOME$/dev/asso-ml/venv/bin/python" value="false" />
        <entry key="$USER_HOME$/dev/coursera/venv/bin/python" value="false" />
        <entry key="$USER_HOME$/dev/porn.com/TF-recomm/venv/bin/python" value="false" />
        <entry key="$USER_HOME$/dev/porn.com/Youtube-Recommendation-Tensorflow/venv/bin/python" value="false" />
        <entry key="$USER_HOME$/dev/porn.com/grpc/venv/bin/python" value="false" />
        <entry key="$USER_HOME$/dev/porn.com/knn/p.knn/bin/python" value="false" />
        <entry key="$USER_HOME$/dev/porn.com/pysparnn/p2env/bin/python" value="false" />
        <entry key="$USER_HOME$/dev/pron.com/sim-similaripy/venv/bin/python" value="false" />
        <entry key="/usr/bin/python2.7" value="false" />
      </map>
    </option>
    <option name="SDK_TO_NOSETEST">
      <map>
        <entry key="$USER_HOME$/dev/asso-ml/venv/bin/python" value="false" />
        <entry key="$USER_HOME$/dev/porn.com/Youtube-Recommendation-Tensorflow/venv/bin/python" value="false" />
        <entry key="$USER_HOME$/dev/porn.com/grpc/venv/bin/python" value="false" />
        <entry key="$USER_HOME$/dev/porn.com/pysparnn/p2env/bin/python" value="false" />
        <entry key="/usr/bin/python2.7" value="true" />
      </map>
    </option>
    <option name="SDK_TO_TRIALTEST">
      <map>
        <entry key="$USER_HOME$/dev/asso-ml/venv/bin/python" value="false" />
        <entry key="$USER_HOME$/dev/porn.com/Youtube-Recommendation-Tensorflow/venv/bin/python" value="false" />
        <entry key="$USER_HOME$/dev/porn.com/grpc/venv/bin/python" value="false" />
        <entry key="$USER_HOME$/dev/porn.com/pysparnn/p2env/bin/python" value="false" />
        <entry key="/usr/bin/python2.7" value="false" />
      </map>
    </option>
  </component>
  <component name="RecentTaskRepositories">
    <JIRA shared="false" url="http://tracker.orbita1.ru">
      <option name="apiType" value="REST_2_0" />
      <commitMessageFormat>{id} {summary}</commitMessageFormat>
      <password>dfc1dfc5dfdcdfcbdfc6df99df9edf9cdf92df99df9edf9cdf92</password>
      <option name="inCloud" value="false" />
      <option name="jiraVersion" value="7.2.2" />
      <option name="loginAnonymously" value="false" />
      <option name="preferredCloseTaskState" />
      <option name="preferredOpenTaskState" />
      <option name="searchQuery" value="assignee = currentUser() and resolution = Unresolved order by updated" />
      <option name="shouldFormatCommitMessage" value="true" />
      <option name="useHttpAuthentication" value="true" />
      <option name="useProxy" value="false" />
      <username>kovalevm</username>
    </JIRA>
    <JIRA shared="false" url="https://tracker.orbita1.ru">
      <option name="apiType" value="REST_2_0" />
      <commitMessageFormat>{id} {summary}</commitMessageFormat>
      <password>dfc1dfc5dfdcdfcbdfc6df99df9edf9cdf92df99df9edf9cdf92</password>
      <option name="inCloud" value="false" />
      <option name="jiraVersion" value="7.2.2" />
      <option name="loginAnonymously" value="false" />
      <option name="preferredCloseTaskState" />
      <option name="preferredOpenTaskState" />
      <option name="searchQuery" value="assignee = currentUser() and resolution = Unresolved order by updated" />
      <option name="shouldFormatCommitMessage" value="true" />
      <option name="useHttpAuthentication" value="true" />
      <option name="useProxy" value="false" />
      <username>kovalevm</username>
    </JIRA>
    <Redmine shared="false" url="http://redmine.orbitsoft">
      <option name="APIKey" value="ced576fe6f2c8509db29506504ed3a8e6fffd4db" />
      <option name="assignedToMe" value="true" />
      <commitMessageFormat>fix: #{id} {summary}</commitMessageFormat>
      <option name="currentProject">
        <RedmineProject id="174" identifier="pixfuture" />
      </option>
      <password />
      <option name="loginAnonymously" value="false" />
      <option name="preferredCloseTaskState" />
      <option name="preferredOpenTaskState" />
      <option name="shouldFormatCommitMessage" value="true" />
      <option name="useHttpAuthentication" value="false" />
      <option name="useProxy" value="false" />
      <username />
    </Redmine>
  </component>
</application>