<application>
  <component name="DependencyUISettings">
    <option name="UI_SHOW_FILES" value="false" />
  </component>
  <component name="UISettings">
    <option name="CLOSE_NON_MODIFIED_FILES_FIRST" value="true" />
    <option name="EDITOR_TAB_LIMIT" value="33" />
    <option name="FONT_SCALE" value="1.0" />
    <option name="FONT_SIZE" value="14" />
    <option name="MARK_MODIFIED_TABS_WITH_ASTERISK" value="true" />
    <option name="MAX_LOOKUP_LIST_HEIGHT" value="24" />
    <option name="MAX_LOOKUP_WIDTH2" value="898" />
    <option name="OVERRIDE_NONIDEA_LAF_FONTS" value="true" />
    <option name="SCROLL_TAB_LAYOUT_IN_EDITOR" value="false" />
    <option name="SHOW_MAIN_TOOLBAR" value="true" />
    <option name="SHOW_MEMORY_INDICATOR" value="true" />
  </component>
</application>